type,name,module,path,hash
"csv","agent-manifest","_config","_config/agent-manifest.csv","450a1cd4ada2eec2a754b31fa21a177aee90b8de924c51121263447da06b3d52"
"csv","task-manifest","_config","_config/task-manifest.csv","bac7378952f0c79a48469b582997507b08cf08583b31b8aa6083791db959e0f0"
"csv","workflow-manifest","_config","_config/workflow-manifest.csv","7007430ae27ef8fb72067e9c78b22d8418261c9d6eb5dec7ba494c29bd803cea"
"yaml","manifest","_config","_config/manifest.yaml","e746cc9042d3b7bbfc967fad132de178fc38a0b781142cfbb7b950c7a825b349"
"md","documentation-standards","_memory","_memory/tech-writer-sidecar/documentation-standards.md","b046192ee42fcd1a3e9b2ae6911a0db38510323d072c8d75bad0594f943039e4"
"yaml","config","_memory","_memory/config.yaml","35505a7a6be5ef4de20d8d5151d09ee967457d84b36bf0584be77249dfc222e9"
"csv","common-workflow-tools","bmb","bmb/workflows/workflow/data/common-workflow-tools.csv","e59bc1d76db128ff04c53fab4b4f840f486f9804ed0d7fb7af1f62c15c2eb86a"
"csv","communication-presets","bmb","bmb/workflows/agent/data/communication-presets.csv","1297e9277f05254ee20c463e6071df3811dfb8fe5d1183ce07ce9b092cb3fd16"
"csv","module-help","bmb","bmb/module-help.csv","f25e9885efd06c5f7a51466c65f6016c77f5767e924a644508877bcb3575cb88"
"md","agent-architecture","bmb","bmb/workflows/agent/data/agent-architecture.md","4e7108717cb0da3e4b35680bcea350731f69497d60f09e8db036008eb16b8266"
"md","agent-architecture","bmb","bmb/workflows/module/data/agent-architecture.md","292bb887f2b6bfbe7536ae2a3d936c51bce8f55680298ccc5620ae38081017ca"
"md","agent-compilation","bmb","bmb/workflows/agent/data/agent-compilation.md","d0722de16e620caf44843fb5e02324fd1f6a1e325c4957bcf596b9652c95b15f"
"md","agent-menu-patterns","bmb","bmb/workflows/agent/data/agent-menu-patterns.md","df5298d5cccd946fc36cf79ee0a21f9680d878a50cb9de7eecc49a250d6922e2"
"md","agent-metadata","bmb","bmb/workflows/agent/data/agent-metadata.md","b49dab109782f56bb915744f67af36abdef810735665a13405ca327607b06e30"
"md","agent-plan.template","bmb","bmb/workflows/agent/templates/agent-plan.template.md","81e79756fb4c368c568ba05efcd276d1d52a111163827439733554f4d94e3094"
"md","agent-spec-template","bmb","bmb/workflows/module/data/agent-spec-template.md","ff68be471450daf91dc6d3c2d96ee2a8638acd7f26589abf4c328d8df7547677"
"md","agent-template","bmb","bmb/workflows/agent/templates/agent-template.md","bfaf5b7675d94279734fde32ea43a7f2383b045a027c74f426a3ea43b5f9baee"
"md","agent-validation","bmb","bmb/workflows/agent/data/agent-validation.md","df9aa540d62084b617200c312c751ee920b492afbc4aea3f54cebc4964f7b6ac"
"md","architect","bmb","bmb/workflows/agent/data/reference/module-examples/architect.md","fd9d3138eb02f9a2a770a90cad57a72827965deb9d5944a2fea22af03a95e0ab"
"md","architecture","bmb","bmb/workflows/workflow/data/architecture.md","94f6ff8b32bc819ca9f9f2f43c50562fd1ed25d82ffcb0e33795f7e36243626b"
"md","brainstorm-context","bmb","bmb/workflows/agent/data/brainstorm-context.md","f2685504ff1c781fc1829f9550d9c2f3f0fde4bc9f451515ce653abef0366b76"
"md","brief-template","bmb","bmb/workflows/module/templates/brief-template.md","9b3a5aab977cd189317321b92d512110fa13993a27447b25143fff14b24f6f84"
"md","critical-actions","bmb","bmb/workflows/agent/data/critical-actions.md","86dc92ca4fdd8ab8d1783da4c74ba03eb0ecbda105f4af9fe15decd70c871f4e"
"md","csv-data-file-standards","bmb","bmb/workflows/workflow/data/csv-data-file-standards.md","3efef22ebe70e0c89e34a5ab74cd51d89b56ac4404279e85bc5c1606e258ae79"
"md","e-01-load-existing","bmb","bmb/workflows/agent/steps-e/e-01-load-existing.md","42312bcf6fa6386f2dde50c4927c92d3bf47b145644e64a49e87e84547e7e63b"
"md","e-02-discover-edits","bmb","bmb/workflows/agent/steps-e/e-02-discover-edits.md","8f902e4c5e0c9c54e764bbc4aadde79302bd069c6115f07ca3d8d3e756a26ef9"
"md","e-03-placeholder","bmb","bmb/workflows/agent/steps-e/e-03-placeholder.md","4076b77b471144f7bd58454a2652bed9a11a964bb249df95272b73590757a95e"
"md","e-04-sidecar-metadata","bmb","bmb/workflows/agent/steps-e/e-04-sidecar-metadata.md","170932df21c468495c1295da4122d2a730555ab8ef135a23884c5cd4b23463a8"
"md","e-05-persona","bmb","bmb/workflows/agent/steps-e/e-05-persona.md","93742cd56f05ff1eb25cb3357908e5e3d65c253f05260f6cf6680eea8e510a21"
"md","e-06-commands-menu","bmb","bmb/workflows/agent/steps-e/e-06-commands-menu.md","bcaaf0ed3a3ac1ee57393e4c5fc138ca971741019ccc8edc3fdec13bf755304c"
"md","e-07-activation","bmb","bmb/workflows/agent/steps-e/e-07-activation.md","287eade210793c82fa99f47871fa36666af2406d0b8710a05c061d8c4d11dbb1"
"md","e-08-edit-agent","bmb","bmb/workflows/agent/steps-e/e-08-edit-agent.md","1f7d857f21bbeb79fce3f2141c3627269c58a223afd90c301fec1d4087b083a4"
"md","e-09-celebrate","bmb","bmb/workflows/agent/steps-e/e-09-celebrate.md","20f273e2c55d5d38d49b2161bc3303a003126af61799e13a1f5e398d6578889f"
"md","frontmatter-standards","bmb","bmb/workflows/workflow/data/frontmatter-standards.md","95c756d4dd8eebca708bd03983b8c95374babbeedd9963a7dd89908be0bc0c7a"
"md","input-discovery-standards","bmb","bmb/workflows/workflow/data/input-discovery-standards.md","6e71ec3582a13d1836b12fcca40a50f2d8c30b4bb37f78f622c540054403cb7c"
"md","intent-vs-prescriptive-spectrum","bmb","bmb/workflows/workflow/data/intent-vs-prescriptive-spectrum.md","d5e10863d2ba52e0d0cfdc67cdfcb358bc1bbfa900c0a47ce1383cff81c14e46"
"md","menu-handling-standards","bmb","bmb/workflows/workflow/data/menu-handling-standards.md","f664abbedbb71e712486c2b03a5131b05b5f89ba6557d2c35f0b123512153673"
"md","minimal-output-template","bmb","bmb/workflows/workflow/templates/minimal-output-template.md","ff4c222f36c3589529eb3b1df80f914b64de76f74022332e555fbf2402bf2a7f"
"md","module-help-generate","bmb","bmb/workflows/module/module-help-generate.md","3889679f2ecee2fd656ac4fd393f279569f497ef1b9ee988e798542c0a7625c9"
"md","module-standards","bmb","bmb/workflows/module/data/module-standards.md","f3f008189dcb85978b1ca43ec7396d3e7587b2ec16d513297e568a9df980ad46"
"md","module-yaml-conventions","bmb","bmb/workflows/module/data/module-yaml-conventions.md","61b0f880aa99920f25d95b3ce333fa384f91d2eb2ed6d5179ba5b7524d9e625c"
"md","output-format-standards","bmb","bmb/workflows/workflow/data/output-format-standards.md","8975765f4cf43478685529d559ad95691a677c85ebd1af42088f02dd83d448a3"
"md","persona-properties","bmb","bmb/workflows/agent/data/persona-properties.md","d71a2a855d3f12f742d0b1ebcd6a1bb99550d1b22f56c3c5e038a53d13e6970d"
"md","principles-crafting","bmb","bmb/workflows/agent/data/principles-crafting.md","33e40c3aa10b27e7a33277b90c294dbcdc1df5b6c4115ebf3c18ff47943ce65f"
"md","step-00-conversion","bmb","bmb/workflows/workflow/steps-c/step-00-conversion.md","f1cff1e6117c249a845dcbe6361d89a356a2d9c41b1700c455dc4af667a84016"
"md","step-01-brainstorm","bmb","bmb/workflows/agent/steps-c/step-01-brainstorm.md","8b56200dc67a43d3eb2afff9d329aa3ed07beeeb362b00b3b521a4de1f9a2b34"
"md","step-01-discovery","bmb","bmb/workflows/workflow/steps-c/step-01-discovery.md","14bafd883635c3606ecf63c82ea126b5bdad86980eee334e157dae5de04811c2"
"md","step-01-init-continuable-template","bmb","bmb/workflows/workflow/templates/step-01-init-continuable-template.md","f211cf173c79b773a54612ad705e4fbbc0c936a5d4671a450602e8f73cab1183"
"md","step-01-load-brief","bmb","bmb/workflows/module/steps-c/step-01-load-brief.md","085367f1e6ad81c31c1f3764e93e65b99cd8a61cc0d8beebf5852e4ea2ad38cb"
"md","step-01-load-target","bmb","bmb/workflows/module/steps-e/step-01-load-target.md","b375f12ac67eb5c62a21c52f5d83c98250f1a668715728832df1afb9cfab76ec"
"md","step-01-load-target","bmb","bmb/workflows/module/steps-v/step-01-load-target.md","27fba2bf4be60ce6d4d00b491deb3bf8ae2af9c078d97cb4629a14268a1b45e1"
"md","step-01-validate","bmb","bmb/workflows/workflow/steps-v/step-01-validate.md","7062165cc403137878ec484a8a70215288d2b611a8b2153f45f814d3d1a9d58a"
"md","step-01-validate-max-mode","bmb","bmb/workflows/workflow/steps-v/step-01-validate-max-mode.md","cf2de5888a6b3e025912769dc417d707391bb5885c973ed6359d16666540c313"
"md","step-01-welcome","bmb","bmb/workflows/module/steps-b/step-01-welcome.md","360f177df40eb103c3a39118fc0d0e38c4bbe5e042555dc22ec75f96888bedcd"
"md","step-01b-continuation","bmb","bmb/workflows/workflow/steps-c/step-01b-continuation.md","26b8ca474a892000d5b9f87bf9defc85af381fb3ae27b4b8aa8e2aafedebcd8d"
"md","step-01b-continue","bmb","bmb/workflows/module/steps-c/step-01b-continue.md","5c73c98ae55449c48e01a30e94ac8a4f4fc53f0cd08d3df9638871a3cd37b2c3"
"md","step-01b-structure","bmb","bmb/workflows/workflow/steps-v/step-01b-structure.md","1a5c4344f777331ebf3f26f0f96b0d384ced6d3ad1e261041bd0942b328a62b4"
"md","step-02-classification","bmb","bmb/workflows/workflow/steps-c/step-02-classification.md","d31e2b451af0dcdd3d6c6695143200f0b40c3e8725ddf09849810f6984b76286"
"md","step-02-discovery","bmb","bmb/workflows/agent/steps-c/step-02-discovery.md","52aadeb5dab8d4c0b43bdfb68bf7b32ea03ead412826c20f5c0c1afcb9c87d42"
"md","step-02-file-structure","bmb","bmb/workflows/module/steps-v/step-02-file-structure.md","a46cc3b7fc720a438b8a756642ed93f7e2b948b07eb3d261d860d0dc7bfc6a2b"
"md","step-02-frontmatter-validation","bmb","bmb/workflows/workflow/steps-v/step-02-frontmatter-validation.md","86fede3dd8b992eeeeb962bd217dcb9d002aad2def3acbf0b8f3ea4f089bf1d4"
"md","step-02-select-edit","bmb","bmb/workflows/module/steps-e/step-02-select-edit.md","54c0825ec764e38481a4edb1524a2505dc5eff079a844ab4384eb6d264511680"
"md","step-02-spark","bmb","bmb/workflows/module/steps-b/step-02-spark.md","675a83d6c257439ac1c6a508358ff09f532075bcb4f97c1037f626324f431e34"
"md","step-02-structure","bmb","bmb/workflows/module/steps-c/step-02-structure.md","438b6d542f392f4422aa47624e3815811d6bce88e143d267c086579fbccf0f77"
"md","step-02b-path-violations","bmb","bmb/workflows/workflow/steps-v/step-02b-path-violations.md","34da677fd6b3bcbc54ffa8fba8c690a21e0189000aa30331c586438ad397c977"
"md","step-03-apply-edit","bmb","bmb/workflows/module/steps-e/step-03-apply-edit.md","4cc07b6468e7e8ce8b941e5c74d132f5657caa58086586cc80eebd223a4114fd"
"md","step-03-config","bmb","bmb/workflows/module/steps-c/step-03-config.md","ead83663f18c6c7647d8bf3b3c5331a9c29c15712218a096d35bb0f9dd5be90d"
"md","step-03-menu-validation","bmb","bmb/workflows/workflow/steps-v/step-03-menu-validation.md","b484b7e112339facc41edee5631a513c89f4f5d90c2303e9457deb96ce3287af"
"md","step-03-module-type","bmb","bmb/workflows/module/steps-b/step-03-module-type.md","0e41528e462d831ff005fdadce5a38351ebc6e95e272b79a43615c322e884e09"
"md","step-03-module-yaml","bmb","bmb/workflows/module/steps-v/step-03-module-yaml.md","da4131dbbff63652988d36547a78ad9745c8cfe2e102f1a31784f7e6b1bdf125"
"md","step-03-requirements","bmb","bmb/workflows/workflow/steps-c/step-03-requirements.md","4954b42e344ce6f728fc3dc8df3ad5eeac0ce6d73fb08c8ff09d762e9364fd71"
"md","step-03-sidecar-metadata","bmb","bmb/workflows/agent/steps-c/step-03-sidecar-metadata.md","ecd17fb960120f8709d0b1f95c265a6275a4672db9b02458cf9df7b6d2a6681e"
"md","step-04-agent-specs","bmb","bmb/workflows/module/steps-v/step-04-agent-specs.md","0f147930ec85643fb2f341dcb3e6bf8b3ec7d35456eff733027a8567feeb8706"
"md","step-04-agents","bmb","bmb/workflows/module/steps-c/step-04-agents.md","2a90b7cdb981eb83da22c28fe29309f47d435fb6b28913cc92f320cdc6448dbe"
"md","step-04-persona","bmb","bmb/workflows/agent/steps-c/step-04-persona.md","cd8b5845b987eeff0cdf16a913e2de439e32e927a1b4f977fee238e56c02d9a4"
"md","step-04-review","bmb","bmb/workflows/module/steps-e/step-04-review.md","9b86a5d09668674accd03cb47cd6c437c2117ee23562bb2bcea8ddc6979eefeb"
"md","step-04-step-type-validation","bmb","bmb/workflows/workflow/steps-v/step-04-step-type-validation.md","3a923bcad87fc74036fdefa8f42d360b8d02b678f9077aedd18654e94d966f7a"
"md","step-04-tools","bmb","bmb/workflows/workflow/steps-c/step-04-tools.md","623adb4ca3a6e47a27e78ebc55ea45b89866ca60e04aa05f9907f6bdf8a9f57c"
"md","step-04-vision","bmb","bmb/workflows/module/steps-b/step-04-vision.md","cac4ca0fe32092801503f906fdfa868e65ba0490877daeb23a274571135ecddc"
"md","step-05-commands-menu","bmb","bmb/workflows/agent/steps-c/step-05-commands-menu.md","daf554f3cedfcb26381bec533b00cfbb73cc688dcaa72167eba852cead8fa861"
"md","step-05-confirm","bmb","bmb/workflows/module/steps-e/step-05-confirm.md","1abeb25cd94e0396642e0ffd4d68d1b21350c51f2eee86bf403fb6f406a22408"
"md","step-05-identity","bmb","bmb/workflows/module/steps-b/step-05-identity.md","c81aa920cf83f04a51585675b2b09d756d7c5bb9e851ccea66e25d76aeaf3cff"
"md","step-05-output-format-validation","bmb","bmb/workflows/workflow/steps-v/step-05-output-format-validation.md","824a0bea33d14e5694f6b58504eb655af26ccd3d1001a40179861146038d77e6"
"md","step-05-plan-review","bmb","bmb/workflows/workflow/steps-c/step-05-plan-review.md","852bb996af5ccdb7df158106ba7c98698b21f667b5fd1c3256c1929839b73e38"
"md","step-05-workflow-specs","bmb","bmb/workflows/module/steps-v/step-05-workflow-specs.md","5a6cd834f815fc62e8fd489445ce5d2f55bf6477798c9ab596d454d9a2f82dd4"
"md","step-05-workflows","bmb","bmb/workflows/module/steps-c/step-05-workflows.md","5a39db7ce87334188c62853ab9a7ba92d98a10a326d62562ca793379f996e007"
"md","step-06-activation","bmb","bmb/workflows/agent/steps-c/step-06-activation.md","cd892bde609db408cdd73ef503eb9aede24ec575e161ab43b40f84001cd6c182"
"md","step-06-design","bmb","bmb/workflows/workflow/steps-c/step-06-design.md","9873ef3c4ac9f9dc68e552e626a7c20091eba1c9d19f1fa76b2ba0738d0bc082"
"md","step-06-docs","bmb","bmb/workflows/module/steps-c/step-06-docs.md","5d05cf19d95dfc3f40d1051612a4a97e8e0fb161e6892cc886df5b1bcbef8888"
"md","step-06-documentation","bmb","bmb/workflows/module/steps-v/step-06-documentation.md","8b747c69aeda2222c980c0341fceaa7596e819420eead2e1cee634b17ddb4803"
"md","step-06-users","bmb","bmb/workflows/module/steps-b/step-06-users.md","9e96d114253f41272cb022879db49487e35c81d21163b4358a3f287d8714aa60"
"md","step-06-validation-design-check","bmb","bmb/workflows/workflow/steps-v/step-06-validation-design-check.md","8eb78dc10848d8e33a6c84fee38210fef8e4431aa25c318d596d25d69f9755f5"
"md","step-07-build-agent","bmb","bmb/workflows/agent/steps-c/step-07-build-agent.md","2211519285b1fa8b3f8c6407d9f15121473b15ca273ad174377351312c10f4c9"
"md","step-07-complete","bmb","bmb/workflows/module/steps-c/step-07-complete.md","af457b4579d6e8396b7ade272b04453df3422ca7a1db6bdc0e77097b6ad5804b"
"md","step-07-foundation","bmb","bmb/workflows/workflow/steps-c/step-07-foundation.md","da4a6efc428c003dc9576c243111e2b29843608adb864105d5e130cae18498eb"
"md","step-07-installation","bmb","bmb/workflows/module/steps-v/step-07-installation.md","06966e9496de39e7a6204c61c14a35dd0298af1485226b9f8eaac06e4a816633"
"md","step-07-instruction-style-check","bmb","bmb/workflows/workflow/steps-v/step-07-instruction-style-check.md","b9ce0212ea49b3dfdb7204f9cfa5c59b25f4e314d2ab9cc27a95c1f432faa2f9"
"md","step-07-value","bmb","bmb/workflows/module/steps-b/step-07-value.md","8a1fadb590730bbcb33454974ffad289d6f61a93c1d317ee883f60311c003f2e"
"md","step-08-agents","bmb","bmb/workflows/module/steps-b/step-08-agents.md","891f06eb89c9bbf687286252a4dda6cb19b0cc0b084f4b919aab5d7518fa9c77"
"md","step-08-build-step-01","bmb","bmb/workflows/workflow/steps-c/step-08-build-step-01.md","cbdea1291bd9f2fe5d112ceb61caa05a81b00566997e4c5f7fc6d32ec4666267"
"md","step-08-celebrate","bmb","bmb/workflows/agent/steps-c/step-08-celebrate.md","291d03f324273ef6e00adb84e91e9f07821275e5554193333f3b069c976f1dfd"
"md","step-08-collaborative-experience-check","bmb","bmb/workflows/workflow/steps-v/step-08-collaborative-experience-check.md","5cffb645b0175b823f9607530625d1903920532f95e0d92b71fb233043dc4f4e"
"md","step-08-report","bmb","bmb/workflows/module/steps-v/step-08-report.md","8e1d295dc29b6dab5fe0ec81f51b614cb8a62b849fe10895093685b3164fe2bd"
"md","step-08b-subprocess-optimization","bmb","bmb/workflows/workflow/steps-v/step-08b-subprocess-optimization.md","1934aa38ebabab0ddf2777cacddd96f37554dcda8f80812b87564a4b64925c36"
"md","step-09-build-next-step","bmb","bmb/workflows/workflow/steps-c/step-09-build-next-step.md","e814302a0713f910baadf6eda45696cd0ef632c4db38e32864f876fb2468cb38"
"md","step-09-cohesive-review","bmb","bmb/workflows/workflow/steps-v/step-09-cohesive-review.md","77e00f46ae55bb95ebeacc6380871befb2f60844f547b260eca08e77cb1e8618"
"md","step-09-workflows","bmb","bmb/workflows/module/steps-b/step-09-workflows.md","ce099465badf171f4451ebc6064de306e85807875f747bf5f4e3542ec93961e8"
"md","step-10-confirmation","bmb","bmb/workflows/workflow/steps-c/step-10-confirmation.md","17826ad707f57f19061cb227dc8234b2338175e9ef52a5ba4acde9c3be5f7ab6"
"md","step-10-report-complete","bmb","bmb/workflows/workflow/steps-v/step-10-report-complete.md","901274400fa20398593f392b2ec17da88045b09c6f36f29e71e0d4219d86acf0"
"md","step-10-tools","bmb","bmb/workflows/module/steps-b/step-10-tools.md","c66a53c8b35261e511663ada1adfc62486a7d8183a51f348e28ee74fb5cdb8bf"
"md","step-11-completion","bmb","bmb/workflows/workflow/steps-c/step-11-completion.md","fa84481cdadc7405628c44b18e231b5ced89dcf1105cc5ec7b0d57c3b085f193"
"md","step-11-plan-validation","bmb","bmb/workflows/workflow/steps-v/step-11-plan-validation.md","33421d9536fee94228d57adceddff16fe3ef2fb39e97402db855b449c74e1908"
"md","step-11-scenarios","bmb","bmb/workflows/module/steps-b/step-11-scenarios.md","27115e07abbee27dc44ddd519586a1f00e3069c1fda7998e726ca966d0774c9b"
"md","step-12-creative","bmb","bmb/workflows/module/steps-b/step-12-creative.md","f573cda16421dbf02433efcbc36f044a836badccbe2d112de0e72a60f9627043"
"md","step-13-review","bmb","bmb/workflows/module/steps-b/step-13-review.md","749dba242a70dad3bd969e7829a02b1bb1e067001deb66347cfb8938dbc893ff"
"md","step-14-finalize","bmb","bmb/workflows/module/steps-b/step-14-finalize.md","d384569594ef7e0b7b08249bec736e133117e9a3b543c07509709fb5842743d6"
"md","step-1b-template","bmb","bmb/workflows/workflow/templates/step-1b-template.md","1728f01e00cad05b727d292dd9f163c3d94e70cff3243c67f958aa412bffc5aa"
"md","step-e-01-assess-workflow","bmb","bmb/workflows/workflow/steps-e/step-e-01-assess-workflow.md","d35285d365240ef997b47c262715326293a47835f84d71cbe20f8084ef62ad67"
"md","step-e-02-discover-edits","bmb","bmb/workflows/workflow/steps-e/step-e-02-discover-edits.md","7066e66d5c16b5c853d60bb53a0ff9396236d0af3a7ebecbab2cdfbc329f4c84"
"md","step-e-03-fix-validation","bmb","bmb/workflows/workflow/steps-e/step-e-03-fix-validation.md","c62da8d8a497865d163774ef99c961d0b465b8863684dd6ab4e2b9dee76acf49"
"md","step-e-04-direct-edit","bmb","bmb/workflows/workflow/steps-e/step-e-04-direct-edit.md","9d5e13c0cc503c17d0977f1667d00b82b4191d875a269e04f6fb956c5cc0f27a"
"md","step-e-05-apply-edit","bmb","bmb/workflows/workflow/steps-e/step-e-05-apply-edit.md","c8e2613800416342214bc402433a4163afb26cd7561a9cac31e3e6bfe2a254aa"
"md","step-e-06-validate-after","bmb","bmb/workflows/workflow/steps-e/step-e-06-validate-after.md","130794b7a744775691256fe6b849e94a9764b8c22d775c9dce423c311145622f"
"md","step-e-07-complete","bmb","bmb/workflows/workflow/steps-e/step-e-07-complete.md","3c3b50718bcfc29a4db981bcf2c6cb4ff81598fc0ebe2f50ef36e4d0f7301c0f"
"md","step-file-rules","bmb","bmb/workflows/workflow/data/step-file-rules.md","bfc096df223992a8568e2e1a7b03bb3cb5fab26154c73782d2e94edd6fdaa4fd"
"md","step-template","bmb","bmb/workflows/workflow/templates/step-template.md","2bc3e860d0b59397c651137a020d0218982031df3eddd22f1bbc9bc0c3797ce1"
"md","step-type-patterns","bmb","bmb/workflows/workflow/data/step-type-patterns.md","5bf33d70160ae8b8914c4de64c8bb0bad6e2788883f613539711819c3cd8fc2b"
"md","subprocess-optimization-patterns","bmb","bmb/workflows/workflow/data/subprocess-optimization-patterns.md","7ab53a8001bbe9e81c76173dc7fc5cc53a7fb864d8ff69626b6e6cfeadfdc7e6"
"md","trimodal-workflow-structure","bmb","bmb/workflows/workflow/data/trimodal-workflow-structure.md","7908071a7e6962f9db23890b7f832b095064ca91eec2642273dbf7d62f0e4f27"
"md","understanding-agent-types","bmb","bmb/workflows/agent/data/understanding-agent-types.md","dc8255165a5d4409cb49462838f03321e03862857440c4f3f3822bb7d05d0002"
"md","v-01-load-review","bmb","bmb/workflows/agent/steps-v/v-01-load-review.md","eb6bbf20785bdca98336f6b8bfc893df6775551b13c01d67661d6e0577a7155e"
"md","v-02a-validate-metadata","bmb","bmb/workflows/agent/steps-v/v-02a-validate-metadata.md","3669dcb0235e35bd843454e2cc04ddaca8f9517c7617d79419196190044a0652"
"md","v-02b-validate-persona","bmb","bmb/workflows/agent/steps-v/v-02b-validate-persona.md","144ef430d5f1dc5af3a8a51c9c2b83cdd95ef5aefe0d406f7b20064c97ada4ba"
"md","v-02c-validate-menu","bmb","bmb/workflows/agent/steps-v/v-02c-validate-menu.md","4e8b2158dbce6d7ff3e7208da688bd74521926fbdec72933fce52f4301c112e5"
"md","v-02d-validate-structure","bmb","bmb/workflows/agent/steps-v/v-02d-validate-structure.md","e47d9af9855a276d5c7b93cdfd3ae25c8a6f9f28b3f3422284e867c79b05c433"
"md","v-02e-validate-sidecar","bmb","bmb/workflows/agent/steps-v/v-02e-validate-sidecar.md","51c675b7ab4ff44e52d147117002ae3497a97a47bf9fdf9da8edb659889bb38e"
"md","v-03-summary","bmb","bmb/workflows/agent/steps-v/v-03-summary.md","6167d149c018ef818508595b04c47ecd9e3c08569751932d71d3f9ac0550b34b"
"md","workflow-chaining-standards","bmb","bmb/workflows/workflow/data/workflow-chaining-standards.md","358099d64396ee13c6525969ee4d9ee29f4ad8adc0077ed67c3376764a15f9ce"
"md","workflow-create-agent","bmb","bmb/workflows/agent/workflow-create-agent.md","78d5216906af8725c6db58a7841af2bc0a9a616bcaf702bdaac552b9d83e335c"
"md","workflow-create-module","bmb","bmb/workflows/module/workflow-create-module.md","b30332d5ba94b8291e0bffd4ecf2376ee9d48453665ac120e8da2d7117e62945"
"md","workflow-create-module-brief","bmb","bmb/workflows/module/workflow-create-module-brief.md","dd6048358b4984308657a815a30838e04d71c0f2f0f50e7b4e8364bd7213c3f3"
"md","workflow-create-workflow","bmb","bmb/workflows/workflow/workflow-create-workflow.md","f6a8e93c9aa10e60c7971f75c53f0424cdff075fdde9f989138baa20337384ce"
"md","workflow-edit-agent","bmb","bmb/workflows/agent/workflow-edit-agent.md","5acab6518e762014be75268526e6a5582e23fb156f8986b4efb65e7289e73c93"
"md","workflow-edit-module","bmb","bmb/workflows/module/workflow-edit-module.md","2c12f47fe3bab08f61c513a2fdc9e151a16ab77294d9cf28cc098da8c36c713a"
"md","workflow-edit-workflow","bmb","bmb/workflows/workflow/workflow-edit-workflow.md","54755d0adbc8250ab153c3078b173770efdf1759d2f79d63b61a99990fe2d8e1"
"md","workflow-examples","bmb","bmb/workflows/workflow/data/workflow-examples.md","e48cbf37b50cfe15bde688266dba0e23591d531f232bdca8094fd421d37752c3"
"md","workflow-rework-workflow","bmb","bmb/workflows/workflow/workflow-rework-workflow.md","647354f6647188ba4c58917a98de9c1051a12c5d8b9dc6ecbabe2eda00ba4f0b"
"md","workflow-spec-template","bmb","bmb/workflows/module/templates/workflow-spec-template.md","5a3a958180e2ef0803b14237d8e225f632476fc7a144ba2aa7e9866c1a30eddd"
"md","workflow-template","bmb","bmb/workflows/workflow/templates/workflow-template.md","69b5725f58a76297f151ffc4cb1629fb7b33829e5e1f365f4cf0004d48b5082c"
"md","workflow-type-criteria","bmb","bmb/workflows/workflow/data/workflow-type-criteria.md","14b10793d4c01605c6f509b27e97cceb8c0c4f2c3cddc28404b844c04c4413d2"
"md","workflow-validate-agent","bmb","bmb/workflows/agent/workflow-validate-agent.md","b58223afbf53fdbc52b5a85ea23bd65498e44d3b6b7e2268e3b3ad8eaced34d5"
"md","workflow-validate-max-parallel-workflow","bmb","bmb/workflows/workflow/workflow-validate-max-parallel-workflow.md","3706b9ea43ee7308d227b2f18e3196626f545df552c134056773bf431f43a7b4"
"md","workflow-validate-module","bmb","bmb/workflows/module/workflow-validate-module.md","78b71d8a816067898e9a92596f3d2f66d4f36dad2ef7fc076894077532715fe4"
"md","workflow-validate-workflow","bmb","bmb/workflows/workflow/workflow-validate-workflow.md","40f34df97c9b2e23be656f3233cea7c5ff14def514a4d7735cd623f0887276d4"
"yaml","config","bmb","bmb/config.yaml","62890c6405d01c7be47d384ae5d01c8b0f2ab73d583db3f6d5753f6fc7fbc19a"
"csv","default-party","bmm","bmm/teams/default-party.csv","5af107a5b9e9092aeb81bd8c8b9bbe7003afb7bc500e64d56da7cc27ae0c4a6e"
"csv","documentation-requirements","bmm","bmm/workflows/document-project/documentation-requirements.csv","d1253b99e88250f2130516b56027ed706e643bfec3d99316727a4c6ec65c6c1d"
"csv","domain-complexity","bmm","bmm/workflows/2-plan-workflows/create-prd/data/domain-complexity.csv","f775f09fb4dc1b9214ca22db4a3994ce53343d976d7f6e5384949835db6d2770"
"csv","domain-complexity","bmm","bmm/workflows/3-solutioning/create-architecture/data/domain-complexity.csv","3dc34ed39f1fc79a51f7b8fc92087edb7cd85c4393a891d220f2e8dd5a101c70"
"csv","module-help","bmm","bmm/module-help.csv","70ce6fcf717801e5b3d47f4d0496b027c5dc4e1ce0a0508613f5a4abd828a354"
"csv","project-types","bmm","bmm/workflows/2-plan-workflows/create-prd/data/project-types.csv","7a01d336e940fb7a59ff450064fd1194cdedda316370d939264a0a0adcc0aca3"
"csv","project-types","bmm","bmm/workflows/3-solutioning/create-architecture/data/project-types.csv","12343635a2f11343edb1d46906981d6f5e12b9cad2f612e13b09460b5e5106e7"
"json","project-scan-report-schema","bmm","bmm/workflows/document-project/templates/project-scan-report-schema.json","53255f15a10cab801a1d75b4318cdb0095eed08c51b3323b7e6c236ae6b399b7"
"md","architecture-decision-template","bmm","bmm/workflows/3-solutioning/create-architecture/architecture-decision-template.md","5d9adf90c28df61031079280fd2e49998ec3b44fb3757c6a202cda353e172e9f"
"md","checklist","bmm","bmm/workflows/4-implementation/code-review/checklist.md","e30d2890ba5c50777bbe04071f754e975a1d7ec168501f321a79169c4201dd28"
"md","checklist","bmm","bmm/workflows/4-implementation/correct-course/checklist.md","24a3f3e0108398d490dcfbe8669afc50226673cad494f16a668b515ab24bf709"
"md","checklist","bmm","bmm/workflows/4-implementation/create-story/checklist.md","5154aa874c6a79285eba644493e87411c6021baff72859490db6e693d15e0bb9"
"md","checklist","bmm","bmm/workflows/4-implementation/dev-story/checklist.md","630b68c6824a8785003a65553c1f335222b17be93b1bd80524c23b38bde1d8af"
"md","checklist","bmm","bmm/workflows/4-implementation/sprint-planning/checklist.md","80b10aedcf88ab1641b8e5f99c9a400c8fd9014f13ca65befc5c83992e367dd7"
"md","checklist","bmm","bmm/workflows/document-project/checklist.md","581b0b034c25de17ac3678db2dbafedaeb113de37ddf15a4df6584cf2324a7d7"
"md","checklist","bmm","bmm/workflows/qa/automate/checklist.md","83cd779c6527ff34184dc86f9eebfc0a8a921aee694f063208aee78f80a8fb12"
"md","deep-dive-instructions","bmm","bmm/workflows/document-project/workflows/deep-dive-instructions.md","8cb3d32d7685e5deff4731c2003d30b4321ef6c29247b3ddbe672c185e022604"
"md","deep-dive-template","bmm","bmm/workflows/document-project/templates/deep-dive-template.md","6198aa731d87d6a318b5b8d180fc29b9aa53ff0966e02391c17333818e94ffe9"
"md","epics-template","bmm","bmm/workflows/3-solutioning/create-epics-and-stories/templates/epics-template.md","b8ec5562b2a77efd80c40eba0421bbaab931681552e5a0ff01cd93902c447ff7"
"md","full-scan-instructions","bmm","bmm/workflows/document-project/workflows/full-scan-instructions.md","6c6e0d77b33f41757eed8ebf436d4def69cd6ce412395b047bf5909f66d876aa"
"md","index-template","bmm","bmm/workflows/document-project/templates/index-template.md","42c8a14f53088e4fda82f26a3fe41dc8a89d4bcb7a9659dd696136378b64ee90"
"md","instructions","bmm","bmm/workflows/4-implementation/correct-course/instructions.md","afdf74701cd2e1200efeb4af24e99a52b013c4c150c1736c56b5d34f003c0a94"
"md","instructions","bmm","bmm/workflows/4-implementation/retrospective/instructions.md","c1357ee8149935b391db1fd7cc9869bf3b450132f04d27fbb11906d421923bf8"
"md","instructions","bmm","bmm/workflows/4-implementation/sprint-planning/instructions.md","8ac972eb08068305223e37dceac9c3a22127062edae2692f95bc16b8dbafa046"
"md","instructions","bmm","bmm/workflows/4-implementation/sprint-status/instructions.md","0d2a75639c9e402c06bf0dfab51cdacf8f63e4401ae4bc5e7fe9e92e7779bba1"
"md","instructions","bmm","bmm/workflows/document-project/instructions.md","8807cf832c2bce8062280e10ae00928e4e147d148dd326fb6437571531e22723"
"md","instructions","bmm","bmm/workflows/qa/automate/instructions.md","3f3505f847f943b2f4a0699017c16e15fa3782f51090a0332304d7248e020e0c"
"md","prd-purpose","bmm","bmm/workflows/2-plan-workflows/create-prd/data/prd-purpose.md","49c4641b91504bb14e3887029b70beacaff83a2de200ced4f8cb11c1356ecaee"
"md","prd-template","bmm","bmm/workflows/2-plan-workflows/create-prd/templates/prd-template.md","7ccccab9c06a626b7a228783b0b9b6e4172e9ec0b10d47bbfab56958c898f837"
"md","product-brief.template","bmm","bmm/workflows/1-analysis/create-product-brief/product-brief.template.md","ae0f58b14455efd75a0d97ba68596a3f0b58f350cd1a0ee5b1af69540f949781"
"md","project-context-template","bmm","bmm/data/project-context-template.md","facd60b71649247146700b1dc7d709fa0ae09487f7cf2b5ff8f5ce1b3a8427e8"
"md","project-context-template","bmm","bmm/workflows/generate-project-context/project-context-template.md","54e351394ceceb0ac4b5b8135bb6295cf2c37f739c7fd11bb895ca16d79824a5"
"md","project-overview-template","bmm","bmm/workflows/document-project/templates/project-overview-template.md","a7c7325b75a5a678dca391b9b69b1e3409cfbe6da95e70443ed3ace164e287b2"
"md","readiness-report-template","bmm","bmm/workflows/3-solutioning/check-implementation-readiness/templates/readiness-report-template.md","0da97ab1e38818e642f36dc0ef24d2dae69fc6e0be59924dc2dbf44329738ff6"
"md","research.template","bmm","bmm/workflows/1-analysis/research/research.template.md","507bb6729476246b1ca2fca4693986d286a33af5529b6cd5cb1b0bb5ea9926ce"
"md","source-tree-template","bmm","bmm/workflows/document-project/templates/source-tree-template.md","109bc335ebb22f932b37c24cdc777a351264191825444a4d147c9b82a1e2ad7a"
"md","step-01-discover","bmm","bmm/workflows/generate-project-context/steps/step-01-discover.md","0f1455c018b2f6df0b896d25e677690e1cf58fa1b276d90f0723187d786d6613"
"md","step-01-document-discovery","bmm","bmm/workflows/3-solutioning/check-implementation-readiness/steps/step-01-document-discovery.md","9204972d801c28a76433230942c81bacc171e6b6951d3226cea9e7ca5c9310f1"
"md","step-01-init","bmm","bmm/workflows/1-analysis/create-product-brief/steps/step-01-init.md","256c5f87e9449ab921614e2f23644a6b5a1222178320d863429ee2a284905e32"
"md","step-01-init","bmm","bmm/workflows/1-analysis/research/domain-steps/step-01-init.md","efee243f13ef54401ded88f501967b8bc767460cec5561b2107fc03fe7b7eab1"
"md","step-01-init","bmm","bmm/workflows/1-analysis/research/market-steps/step-01-init.md","8dbd4a1520451945e8a5d5bccb489f9186b76f57f5bf3c77dbdf088e26ac7730"
"md","step-01-init","bmm","bmm/workflows/1-analysis/research/technical-steps/step-01-init.md","c9a1627ecd26227e944375eb691e7ee6bc9f5db29a428a5d53e5d6aef8bb9697"
"md","step-01-init","bmm","bmm/workflows/2-plan-workflows/create-prd/steps-c/step-01-init.md","6ad502fa5bf5639eaf6a42e8f0bc0f2b811e0a3fd2ae3a24ed3333365f99e23c"
"md","step-01-init","bmm","bmm/workflows/2-plan-workflows/create-ux-design/steps/step-01-init.md","7b3467a29126c9498b57b06d688f610bcb7a68a8975208c209dd1103546bc455"
"md","step-01-init","bmm","bmm/workflows/3-solutioning/create-architecture/steps/step-01-init.md","c730b1f23f0298853e5bf0b9007c2fc86e835fb3d53455d2068a6965d1192f49"
"md","step-01-mode-detection","bmm","bmm/workflows/bmad-quick-flow/quick-dev/steps/step-01-mode-detection.md","d3170f565ed21633a1f08b50c90349c93d1ec362fe6ec86c746f507796acd745"
"md","step-01-understand","bmm","bmm/workflows/bmad-quick-flow/quick-spec/steps/step-01-understand.md","a65eb3b993d83f24c4f14cd0117d1c21ad5013b32fcdcf7276c6e4ba0aed7d61"
"md","step-01-validate-prerequisites","bmm","bmm/workflows/3-solutioning/create-epics-and-stories/steps/step-01-validate-prerequisites.md","5ba8ba972e8376339ed2c9b75e4f98125521af0270bb5dff6e47ec73137e01de"
"md","step-01b-continue","bmm","bmm/workflows/1-analysis/create-product-brief/steps/step-01b-continue.md","08bd92dc8486983ac8b5b19efd943d2fd83f2a6f6ba247aad9bb075e12b20860"
"md","step-01b-continue","bmm","bmm/workflows/2-plan-workflows/create-prd/steps-c/step-01b-continue.md","4e8af43d1847236333566efaa4b0b5e63d706e673872705ee6f215a7ccb9d715"
"md","step-01b-continue","bmm","bmm/workflows/2-plan-workflows/create-ux-design/steps/step-01b-continue.md","fde4bf8fa3a6d3230d20cb23e71cbc8e2db1cd2b30b693e13d0b3184bc6bb9a6"
"md","step-01b-continue","bmm","bmm/workflows/3-solutioning/create-architecture/steps/step-01b-continue.md","c6cc389b49682a8835382d477d803a75acbad01b24da1b7074ce140d82b278dc"
"md","step-02-context","bmm","bmm/workflows/3-solutioning/create-architecture/steps/step-02-context.md","07387b1d8c2f92c646bdbad88ad1401d0295c3adecc1637f07630173d8939088"
"md","step-02-context-gathering","bmm","bmm/workflows/bmad-quick-flow/quick-dev/steps/step-02-context-gathering.md","a79d99cc35e43442acda2ce7da80f26f4f50e2be08f38c10e4e5695ce0ff6016"
"md","step-02-customer-behavior","bmm","bmm/workflows/1-analysis/research/market-steps/step-02-customer-behavior.md","ca77a54143c2df684cf859e10cea48c6ea1ce8e297068a0f0f26ee63d3170c1e"
"md","step-02-design-epics","bmm","bmm/workflows/3-solutioning/create-epics-and-stories/steps/step-02-design-epics.md","2c18d76a9b73eae8b9f552cd4252f8208a0c017624ddbaf6bcbe7b28ddfa217e"
"md","step-02-discovery","bmm","bmm/workflows/2-plan-workflows/create-prd/steps-c/step-02-discovery.md","d13de9d4a4af17f04ae1af7966b3071af54a6445c0944ee83af129ef078ebe5d"
"md","step-02-discovery","bmm","bmm/workflows/2-plan-workflows/create-ux-design/steps/step-02-discovery.md","6d340f83d62f873a4c09371a38c77dc9ce9726cd6cd1cf9bf89ddec09f36af4c"
"md","step-02-domain-analysis","bmm","bmm/workflows/1-analysis/research/domain-steps/step-02-domain-analysis.md","385a288d9bbb0adf050bcce4da4dad198a9151822f9766900404636f2b0c7f9d"
"md","step-02-generate","bmm","bmm/workflows/generate-project-context/steps/step-02-generate.md","0fff27dab748b4600d02d2fb083513fa4a4e061ed66828b633f7998fcf8257e1"
"md","step-02-investigate","bmm","bmm/workflows/bmad-quick-flow/quick-spec/steps/step-02-investigate.md","dafa8215d11132018f0ca706d4c1073cc7c97ae006f0f0b7667978e84bfbee3e"
"md","step-02-prd-analysis","bmm","bmm/workflows/3-solutioning/check-implementation-readiness/steps/step-02-prd-analysis.md","f8c4f293c0a040fa9f73829ffeabfa073d0a8ade583adaefb26431ec83a76398"
"md","step-02-technical-overview","bmm","bmm/workflows/1-analysis/research/technical-steps/step-02-technical-overview.md","9c7582241038b16280cddce86f2943216541275daf0a935dcab78f362904b305"
"md","step-02-vision","bmm","bmm/workflows/1-analysis/create-product-brief/steps/step-02-vision.md","a6262132ec081165358941df207d02e29e5ab00b4f516adf2772effa46d21dd5"
"md","step-03-competitive-landscape","bmm","bmm/workflows/1-analysis/research/domain-steps/step-03-competitive-landscape.md","f10aa088ba00c59491507f6519fb314139f8be6807958bb5fd1b66bff2267749"
"md","step-03-complete","bmm","bmm/workflows/generate-project-context/steps/step-03-complete.md","cf8d1d1904aeddaddb043c3c365d026cd238891cd702c2b78bae032a8e08ae17"
"md","step-03-core-experience","bmm","bmm/workflows/2-plan-workflows/create-ux-design/steps/step-03-core-experience.md","b23ce8244db8a183761a9420fa54ff285bbf7c54b2d30c62c32d3cf8cb4c2f00"
"md","step-03-create-stories","bmm","bmm/workflows/3-solutioning/create-epics-and-stories/steps/step-03-create-stories.md","e6deb22291f05a96e56f5cb3ab88eca3bb6df564208edd8fcc693d4c27139f29"
"md","step-03-customer-pain-points","bmm","bmm/workflows/1-analysis/research/market-steps/step-03-customer-pain-points.md","ce7394a73a7d3dd627280a8bef0ed04c11e4036275acc4b50c666fd1d84172c4"
"md","step-03-epic-coverage-validation","bmm","bmm/workflows/3-solutioning/check-implementation-readiness/steps/step-03-epic-coverage-validation.md","f425bcac163b9ea63a004039ff65fffea3499d9e01a2821bb11e0e17e6b6fc52"
"md","step-03-execute","bmm","bmm/workflows/bmad-quick-flow/quick-dev/steps/step-03-execute.md","463a7865ed9efde3cf073e87ecae591bd668f62746b42f4f4c94a1ba4e4b9da0"
"md","step-03-generate","bmm","bmm/workflows/bmad-quick-flow/quick-spec/steps/step-03-generate.md","c59fe4fe129c2b0461ba0382fdbfcf9160c1997a1a0dca271261bdf006ff2364"
"md","step-03-integration-patterns","bmm","bmm/workflows/1-analysis/research/technical-steps/step-03-integration-patterns.md","005d517a2f962e2172e26b23d10d5e6684c7736c0d3982e27b2e72d905814ad9"
"md","step-03-starter","bmm","bmm/workflows/3-solutioning/create-architecture/steps/step-03-starter.md","535124eb8228ffa628fee5b2e89b9a66d4c2c5d29485c11ccc0d1062b6d674e2"
"md","step-03-success","bmm","bmm/workflows/2-plan-workflows/create-prd/steps-c/step-03-success.md","7b7b339c36ab34953dc542f48a3ed38da420078ee62bbf840a4cb939a3121567"
"md","step-03-users","bmm","bmm/workflows/1-analysis/create-product-brief/steps/step-03-users.md","7d3884a502341bd5912eac8b24af5bb961385f353b4a37cee916f0a2b2226b97"
"md","step-04-architectural-patterns","bmm","bmm/workflows/1-analysis/research/technical-steps/step-04-architectural-patterns.md","4636f23e9c585a7a0c90437a660609d913f16362c3557fc2e71d408d6b9f46ce"
"md","step-04-customer-decisions","bmm","bmm/workflows/1-analysis/research/market-steps/step-04-customer-decisions.md","17dde68d655f7c66b47ed59088c841d28d206ee02137388534b141d9a8465cf9"
"md","step-04-decisions","bmm","bmm/workflows/3-solutioning/create-architecture/steps/step-04-decisions.md","41829279a6ffec9b87870fc0a87e8738b529f07f47ec65dabd983e39d582f8b8"
"md","step-04-emotional-response","bmm","bmm/workflows/2-plan-workflows/create-ux-design/steps/step-04-emotional-response.md","45ff4c3e907f32c91d78f101a78b075f5731642628474c36b7e06c13fd9519e6"
"md","step-04-final-validation","bmm","bmm/workflows/3-solutioning/create-epics-and-stories/steps/step-04-final-validation.md","c507a3ddf39f657d1c9934c9105d079a7fe78694f19bd519e845a010b3afbda4"
"md","step-04-journeys","bmm","bmm/workflows/2-plan-workflows/create-prd/steps-c/step-04-journeys.md","ff297509882def062ab58de4ae922472dd05b562338689c8ac25a24bedad7dca"
"md","step-04-metrics","bmm","bmm/workflows/1-analysis/create-product-brief/steps/step-04-metrics.md","887af175137069fe498f1fd26db2995d1ad00d658cf15598846ae30d03ce0ce5"
"md","step-04-regulatory-focus","bmm","bmm/workflows/1-analysis/research/domain-steps/step-04-regulatory-focus.md","d22035529efe91993e698b4ebf297bf2e7593eb41d185a661c357a8afc08977b"
"md","step-04-review","bmm","bmm/workflows/bmad-quick-flow/quick-spec/steps/step-04-review.md","aa246ba5793f3a1c6dd434b388b41ccfb9e675bb55664a900a4eb2486e2a40e3"
"md","step-04-self-check","bmm","bmm/workflows/bmad-quick-flow/quick-dev/steps/step-04-self-check.md","14e852bf6fa6f19a7457a774f255e1bc6247e6926a9d69d7631b832bf8e7e723"
"md","step-04-ux-alignment","bmm","bmm/workflows/3-solutioning/check-implementation-readiness/steps/step-04-ux-alignment.md","d2e15adf2aecc2c72f9bb9051e94042fc522fd7cfb16376f41bdcdd294319703"
"md","step-05-adversarial-review","bmm","bmm/workflows/bmad-quick-flow/quick-dev/steps/step-05-adversarial-review.md","310bebff807efed4523acf507cfe98ff9bead3965627f969585ba8c12326d93f"
"md","step-05-competitive-analysis","bmm","bmm/workflows/1-analysis/research/market-steps/step-05-competitive-analysis.md","ff6f606a80ffaf09aa325e38a4ceb321b97019e6542241b2ed4e8eb38b35efa8"
"md","step-05-domain","bmm","bmm/workflows/2-plan-workflows/create-prd/steps-c/step-05-domain.md","af444794fffb622cd2d18604ed189cd2efe86c34626d16b5ac1c43b6c14ed551"
"md","step-05-epic-quality-review","bmm","bmm/workflows/3-solutioning/check-implementation-readiness/steps/step-05-epic-quality-review.md","e7fd60676d6ade485de77ce2dd4229811912594cb924d6c15bae5d9bdf105a7d"
"md","step-05-implementation-research","bmm","bmm/workflows/1-analysis/research/technical-steps/step-05-implementation-research.md","e2b8a2c79bcebadc85f3823145980fa47d7e7be8d1c112f686c6223c8c138608"
"md","step-05-inspiration","bmm","bmm/workflows/2-plan-workflows/create-ux-design/steps/step-05-inspiration.md","74ea94822de791eb24f2e2ca39c3acf01a98b2184f23b1c980e2ada6fd11ae5e"
"md","step-05-patterns","bmm","bmm/workflows/3-solutioning/create-architecture/steps/step-05-patterns.md","b6bbca68efc7ff66d2f0fc39d8219898c63fd9c0923cb020ad8ac0d469e6fcff"
"md","step-05-scope","bmm","bmm/workflows/1-analysis/create-product-brief/steps/step-05-scope.md","bd7f8878dd8058e1932151d8cbc468bfc2c6dadb0258d93ed967189d0629dff4"
"md","step-05-technical-trends","bmm","bmm/workflows/1-analysis/research/domain-steps/step-05-technical-trends.md","fd6c577010171679f630805eb76e09daf823c2b9770eb716986d01f351ce1fb4"
"md","step-06-complete","bmm","bmm/workflows/1-analysis/create-product-brief/steps/step-06-complete.md","6594a18f37063fcaa0341845df7e59c7bae9543eb4d32d4a3a8e5fdd77402972"
"md","step-06-design-system","bmm","bmm/workflows/2-plan-workflows/create-ux-design/steps/step-06-design-system.md","6e3ead73073ef51ac952f4cf9491635e5d6825525a4af5d5cbf6e2675db69404"
"md","step-06-final-assessment","bmm","bmm/workflows/3-solutioning/check-implementation-readiness/steps/step-06-final-assessment.md","813329a73f0e48374f337ec719e6b7715b95fb3ba43645143b882ea41acc4d91"
"md","step-06-innovation","bmm","bmm/workflows/2-plan-workflows/create-prd/steps-c/step-06-innovation.md","efdd55674bd8329a5d963396c841523d73ffebd168add77bc01425e478e22bc4"
"md","step-06-research-completion","bmm","bmm/workflows/1-analysis/research/market-steps/step-06-research-completion.md","30d5e14f39df193ebce952dfed2bd4009d68fe844e28ad3a29f5667382ebc6d2"
"md","step-06-research-synthesis","bmm","bmm/workflows/1-analysis/research/domain-steps/step-06-research-synthesis.md","4c7727b8d3c6272c1b2b84ea58a67fc86cafab3472c0caf54e8b8cee3fa411fc"
"md","step-06-research-synthesis","bmm","bmm/workflows/1-analysis/research/technical-steps/step-06-research-synthesis.md","1f12aaeccd2d3225608ba00117c567a2097d22d35a5ba7580b45fb9c0a1d2814"
"md","step-06-resolve-findings","bmm","bmm/workflows/bmad-quick-flow/quick-dev/steps/step-06-resolve-findings.md","e657af6e3687e15852c860f018b73aa263bdcf6b9d544771a8c0c715581a2c99"
"md","step-06-structure","bmm","bmm/workflows/3-solutioning/create-architecture/steps/step-06-structure.md","716819821cf7e2a6ce5852785e86e2c77c9f8d1d24e08b86889854365a78e552"
"md","step-07-defining-experience","bmm","bmm/workflows/2-plan-workflows/create-ux-design/steps/step-07-defining-experience.md","89964c435273a08b3065732a23bc0c3bc1290ac2ecd9339d9ff2eb6ecb890b06"
"md","step-07-project-type","bmm","bmm/workflows/2-plan-workflows/create-prd/steps-c/step-07-project-type.md","325e9853015fb844fc80c0b7c00526d0107dcae9a1bfe3b57d956940fc9e29ba"
"md","step-07-validation","bmm","bmm/workflows/3-solutioning/create-architecture/steps/step-07-validation.md","1305a67b660fcd61346de2bb8087547c8414f60381ba896762d71f6fa9cebeaf"
"md","step-08-complete","bmm","bmm/workflows/3-solutioning/create-architecture/steps/step-08-complete.md","b4dc514afd17e836458f6eb786318fdc2ecee1466c673eca4c800955ffae52e4"
"md","step-08-scoping","bmm","bmm/workflows/2-plan-workflows/create-prd/steps-c/step-08-scoping.md","8e043d237fb7d3af77b5375629dd4e47054832c98279024d66e090d48d766075"
"md","step-08-visual-foundation","bmm","bmm/workflows/2-plan-workflows/create-ux-design/steps/step-08-visual-foundation.md","8aee1183b3c0e5f379e2c20512665e06ef1189d357ac9a845e3616be35a79c47"
"md","step-09-design-directions","bmm","bmm/workflows/2-plan-workflows/create-ux-design/steps/step-09-design-directions.md","6ab5f1302ec43aed52f45a2842ae49dc4bd98b2d12109d5657c9f04e4b434f89"
"md","step-09-functional","bmm","bmm/workflows/2-plan-workflows/create-prd/steps-c/step-09-functional.md","13ced8348b8bb0b7cd88f0400b538fabbcb1fb3c23525bf4fffb7ca9f4c37c8c"
"md","step-10-nonfunctional","bmm","bmm/workflows/2-plan-workflows/create-prd/steps-c/step-10-nonfunctional.md","e37395a792ac3b81c635993c27748ebd6d781c755ed49e580cd7c78e5486a012"
"md","step-10-user-journeys","bmm","bmm/workflows/2-plan-workflows/create-ux-design/steps/step-10-user-journeys.md","30866f55e179d0985efcf57120e63dfbb1fa3ddb6fa9623c4ee0e0b9738f0467"
"md","step-11-component-strategy","bmm","bmm/workflows/2-plan-workflows/create-ux-design/steps/step-11-component-strategy.md","ed805fafa72fb703b1e89b3c59c0c2dbe99c3021e009858602a92cfb473727a6"
"md","step-11-polish","bmm","bmm/workflows/2-plan-workflows/create-prd/steps-c/step-11-polish.md","935655a256562b6b3420c091a56067c34c35819343a78927ca138c9ea8b92a97"
"md","step-12-complete","bmm","bmm/workflows/2-plan-workflows/create-prd/steps-c/step-12-complete.md","5443ef1e08c70fdd15092db6f65cb67fe2cded357ed1b5f4918398e404901bf8"
"md","step-12-ux-patterns","bmm","bmm/workflows/2-plan-workflows/create-ux-design/steps/step-12-ux-patterns.md","d9bfabc5322aca6e2ba512fa6b39bcdac885b8010dd8c4768c10e33524a04b08"
"md","step-13-responsive-accessibility","bmm","bmm/workflows/2-plan-workflows/create-ux-design/steps/step-13-responsive-accessibility.md","f9f2ae70026eb5524a372332632240cea765360ed90a47fea316a65cc3e0e7ce"
"md","step-14-complete","bmm","bmm/workflows/2-plan-workflows/create-ux-design/steps/step-14-complete.md","73cc7521dad3db2c730b06731a90df40016e67bdfefa6b6537a18d979c0f14df"
"md","step-e-01-discovery","bmm","bmm/workflows/2-plan-workflows/create-prd/steps-e/step-e-01-discovery.md","2bc88c9480ac5986c06672533ab2080b1ee01086033c8e441a8c80551c8a99ee"
"md","step-e-01b-legacy-conversion","bmm","bmm/workflows/2-plan-workflows/create-prd/steps-e/step-e-01b-legacy-conversion.md","e6bbe9020e6986a620fc0299a48e6c31c9d1ec14691df11be71baeb79837bc92"
"md","step-e-02-review","bmm","bmm/workflows/2-plan-workflows/create-prd/steps-e/step-e-02-review.md","b2660d88a445dc3f8f168f96ca92d4a1a36949e3b39fbf6cda5c77129636d9b1"
"md","step-e-03-edit","bmm","bmm/workflows/2-plan-workflows/create-prd/steps-e/step-e-03-edit.md","dfcc3e4f0b1ec050d4985af04dc02b28174a995e95327ca01ae4b8cac10cc1e5"
"md","step-e-04-complete","bmm","bmm/workflows/2-plan-workflows/create-prd/steps-e/step-e-04-complete.md","a1100f8639120311cbaf5a5a880db4e137216bc4bd0110b0926004107a99d3c3"
"md","step-v-01-discovery","bmm","bmm/workflows/2-plan-workflows/create-prd/steps-v/step-v-01-discovery.md","287c39e44b32faab52fb155a4a30ab3f31cf6ef5c599b8b15687e5bb3c97a447"
"md","step-v-02-format-detection","bmm","bmm/workflows/2-plan-workflows/create-prd/steps-v/step-v-02-format-detection.md","251ea5a1cf7779db2dc39d5d8317976a27f84b421359c1974ae96c0943094341"
"md","step-v-02b-parity-check","bmm","bmm/workflows/2-plan-workflows/create-prd/steps-v/step-v-02b-parity-check.md","3481beae212bb0140c105d0ae87bb9714859c93a471048048512fd1278da2fcd"
"md","step-v-03-density-validation","bmm","bmm/workflows/2-plan-workflows/create-prd/steps-v/step-v-03-density-validation.md","5b95ecd032fb65f86b7eee7ce7c30c997dc2a8b5e4846d88c2853538591a9e40"
"md","step-v-04-brief-coverage-validation","bmm","bmm/workflows/2-plan-workflows/create-prd/steps-v/step-v-04-brief-coverage-validation.md","97eb248c7d67e6e5121dd0b020409583998fba433799ea4c5c8cb40c7ff9c7c1"
"md","step-v-05-measurability-validation","bmm","bmm/workflows/2-plan-workflows/create-prd/steps-v/step-v-05-measurability-validation.md","2f331ee6d4f174dec0e4b434bf7691bfcf3a13c6ee0c47a65989badaa6b6a28c"
"md","step-v-06-traceability-validation","bmm","bmm/workflows/2-plan-workflows/create-prd/steps-v/step-v-06-traceability-validation.md","970ea67486211a611a701e1490ab7e8f2f98060a9f78760b6ebfdb9f37743c74"
"md","step-v-07-implementation-leakage-validation","bmm","bmm/workflows/2-plan-workflows/create-prd/steps-v/step-v-07-implementation-leakage-validation.md","f75d1d808fdf3d61b15bea55418b82df747f45902b6b22fe541e83b4ea3fa465"
"md","step-v-08-domain-compliance-validation","bmm","bmm/workflows/2-plan-workflows/create-prd/steps-v/step-v-08-domain-compliance-validation.md","a1902baaf4eaaf946e5c2c2101a1ac46f8ee4397e599218b8dc030cd00c97512"
"md","step-v-09-project-type-validation","bmm","bmm/workflows/2-plan-workflows/create-prd/steps-v/step-v-09-project-type-validation.md","d53e95264625335184284d3f9d0fc6e7674f67bdf97e19362fc33df4bea7f096"
"md","step-v-10-smart-validation","bmm","bmm/workflows/2-plan-workflows/create-prd/steps-v/step-v-10-smart-validation.md","22d48a72bc599f45bbf8c3e81d651d3a1265a6450866c0689bf287f43d7874a4"
"md","step-v-11-holistic-quality-validation","bmm","bmm/workflows/2-plan-workflows/create-prd/steps-v/step-v-11-holistic-quality-validation.md","1022a1454aadff28e39fd5fa71dd76d8eefccfe438b9ef517a19b44d935c0f5b"
"md","step-v-12-completeness-validation","bmm","bmm/workflows/2-plan-workflows/create-prd/steps-v/step-v-12-completeness-validation.md","c966933a0ca3753db75591325cef4d4bdaf9639a1a63f9438758d32f7e1a1dda"
"md","step-v-13-report-complete","bmm","bmm/workflows/2-plan-workflows/create-prd/steps-v/step-v-13-report-complete.md","9184ef4045829406323c714044ca9c70152ad425e559019633b13829434f6378"
"md","tech-spec-template","bmm","bmm/workflows/bmad-quick-flow/quick-spec/tech-spec-template.md","6e0ac4991508fec75d33bbe36197e1576d7b2a1ea7ceba656d616e7d7dadcf03"
"md","template","bmm","bmm/workflows/4-implementation/create-story/template.md","29ba697368d77e88e88d0e7ac78caf7a78785a7dcfc291082aa96a62948afb67"
"md","ux-design-template","bmm","bmm/workflows/2-plan-workflows/create-ux-design/ux-design-template.md","ffa4b89376cd9db6faab682710b7ce755990b1197a8b3e16b17748656d1fca6a"
"md","workflow","bmm","bmm/workflows/1-analysis/create-product-brief/workflow.md","5858d72a2fd8010a40d86d7e7581e44af9eb3432f13a236575035a21807e755a"
"md","workflow","bmm","bmm/workflows/2-plan-workflows/create-ux-design/workflow.md","10ffb0f43a4e204ecd1a67bf5bff52d6929847651ad096bbe833cf1f0eb198c5"
"md","workflow","bmm","bmm/workflows/3-solutioning/check-implementation-readiness/workflow.md","ddfe66e2ced3a092d0be1606d36c5eb9610602e939059c902b22da1aa202e904"
"md","workflow","bmm","bmm/workflows/3-solutioning/create-architecture/workflow.md","ad930c2c9b991fb56f0d04cfdbc69d04bffd5df2c515ca570ad7d388f56a055c"
"md","workflow","bmm","bmm/workflows/3-solutioning/create-epics-and-stories/workflow.md","d40eb6e04de52d4265af460322a9487bb2c241453b0a59940e1bb04836a7ba65"
"md","workflow","bmm","bmm/workflows/bmad-quick-flow/quick-dev/workflow.md","7e13f74e23f9de40ed15140b5cadb28a7462ad019dc345422b3aede59ad8e7f7"
"md","workflow","bmm","bmm/workflows/bmad-quick-flow/quick-spec/workflow.md","e7856a24e0f39108ae494569b8ceb2eb1ca10588ed3869c5feef98832c54db78"
"md","workflow","bmm","bmm/workflows/generate-project-context/workflow.md","0da857be1b7fb46fc29afba22b78a8b2150b17db36db68fd254ad925a20666aa"
"md","workflow-create-prd","bmm","bmm/workflows/2-plan-workflows/create-prd/workflow-create-prd.md","2331a3f02fd4bc3628e3bb1684645e8392a77e8b5b9f918e55554616a2bfe06b"
"md","workflow-domain-research","bmm","bmm/workflows/1-analysis/research/workflow-domain-research.md","137509e99ad4b11c391ebe87832d4820c46da75ed8570dd5b5a71f4372b75c73"
"md","workflow-edit-prd","bmm","bmm/workflows/2-plan-workflows/create-prd/workflow-edit-prd.md","e433664058429f54b49237ad7b2eba43fb115b8b9c68c87846f9523405ac73ef"
"md","workflow-market-research","bmm","bmm/workflows/1-analysis/research/workflow-market-research.md","2798d9cbeab426df7f2bcc228771fc5d5e1a58302eef769e2bbd36ce7d7f43e4"
"md","workflow-technical-research","bmm","bmm/workflows/1-analysis/research/workflow-technical-research.md","16974efc305ab195209232eea5e7ab828df2c6244b8c2ba7ca4a517e90b38b64"
"md","workflow-validate-prd","bmm","bmm/workflows/2-plan-workflows/create-prd/workflow-validate-prd.md","5f7d3a188b5c68fb621b31da4ba62b75444615a0f8eadfe8c505c11f4a8e404c"
"xml","instructions","bmm","bmm/workflows/4-implementation/code-review/instructions.xml","1a6f0ae7d69a5c27b09de3efab2b205a007b466976acdeeaebf7f3abec7feb68"
"xml","instructions","bmm","bmm/workflows/4-implementation/create-story/instructions.xml","38eae4b503711a162f55ccd41b770248581a4357cbbfe1cf1bb34520307ccd63"
"xml","instructions","bmm","bmm/workflows/4-implementation/dev-story/instructions.xml","396eba2694f455e9aa8f0e123b4147799e07205cfb666a411e8a5d0d4b6b5daa"
"yaml","config","bmm","bmm/config.yaml","3e78f77337daee4081d2e0024b8b236721e2f2697cbf0f86e5843ab45e4d7c9c"
"yaml","deep-dive","bmm","bmm/workflows/document-project/workflows/deep-dive.yaml","a16b5d121604ca00fffdcb04416daf518ec2671a3251b7876c4b590d25d96945"
"yaml","full-scan","bmm","bmm/workflows/document-project/workflows/full-scan.yaml","8ba79b190733006499515d9d805f4eacd90a420ffc454e04976948c114806c25"
"yaml","sprint-status-template","bmm","bmm/workflows/4-implementation/sprint-planning/sprint-status-template.yaml","0d7fe922f21d4f00e538c265ff90e470c3e2eca761e663d84b7a1320b2f25980"
"yaml","team-fullstack","bmm","bmm/teams/team-fullstack.yaml","da8346b10dfad8e1164a11abeb3b0a84a1d8b5f04e01e8490a44ffca477a1b96"
"yaml","workflow","bmm","bmm/workflows/4-implementation/code-review/workflow.yaml","4ddef804c51bd83ad51f39e752333383ab559c0986efb8404b659e4728c81ad8"
"yaml","workflow","bmm","bmm/workflows/4-implementation/correct-course/workflow.yaml","0d9c4502fc2f9524644918e33271d648bf7929e91eba8645e39d7d7c7e67eac7"
"yaml","workflow","bmm","bmm/workflows/4-implementation/create-story/workflow.yaml","7989989306494ad06bd5a08f9be73b50d791389226c3b2c8c281ffb8d078d70a"
"yaml","workflow","bmm","bmm/workflows/4-implementation/dev-story/workflow.yaml","36d144a797706f438f973d4fe0679b98096eb1b911f8b7df3f9a8db4fab5e9d2"
"yaml","workflow","bmm","bmm/workflows/4-implementation/retrospective/workflow.yaml","7eac3fda56bb7106a160b446121de55b25d20d60eadcf2caf1ca3245ad84208f"
"yaml","workflow","bmm","bmm/workflows/4-implementation/sprint-planning/workflow.yaml","3f31e4b0973525228549cef18123816d82dc45741dab1f48720eefb191876f81"
"yaml","workflow","bmm","bmm/workflows/4-implementation/sprint-status/workflow.yaml","f03d2804afca3ee29a612117f6bf090b455354a3557c2198ec9b8eb5c5900cef"
"yaml","workflow","bmm","bmm/workflows/document-project/workflow.yaml","9e2886d022d4054c0e6ca6580673f775415add7924961d6723ed13156200a819"
"yaml","workflow","bmm","bmm/workflows/qa/automate/workflow.yaml","670d28da3e20a445ae08ab3e907eaf3eaf13d9a08c4b26244344a0fd8f54a399"
"csv","brain-methods","core","core/workflows/brainstorming/brain-methods.csv","0ab5878b1dbc9e3fa98cb72abfc3920a586b9e2b42609211bb0516eefd542039"
"csv","methods","core","core/workflows/advanced-elicitation/methods.csv","e08b2e22fec700274982e37be608d6c3d1d4d0c04fa0bae05aa9dba2454e6141"
"csv","module-help","core","core/module-help.csv","4227d475748e8067aeae3e1a67d7b6235c109da13b2ef9131db930083dcb348d"
"md","help","core","core/tasks/help.md","950439aaff47aa25f94ede360ce8f8a47bf29c52b7f19c76a45960e8687fe726"
"md","step-01-agent-loading","core","core/workflows/party-mode/steps/step-01-agent-loading.md","04ab6b6247564f7edcd5c503f5ca7d27ae688b09bbe2e24345550963a016e9f9"
"md","step-01-session-setup","core","core/workflows/brainstorming/steps/step-01-session-setup.md","bc09cc22a0465b316ff3c13903b753768fa31d83abd3f9fc328631db63dc0cf8"
"md","step-01b-continue","core","core/workflows/brainstorming/steps/step-01b-continue.md","d76a406e0ff0a0e58006ec671b56f19a059e98cfebba4c0724ae6ccdd9303e7f"
"md","step-02-discussion-orchestration","core","core/workflows/party-mode/steps/step-02-discussion-orchestration.md","a8a79890bd03237e20f1293045ecf06f9a62bc590f5c2d4f88e250cee40abb0b"
"md","step-02a-user-selected","core","core/workflows/brainstorming/steps/step-02a-user-selected.md","558b162466745b92687a5d6e218f243a98436dd177b2d5544846c5ff4497cc94"
"md","step-02b-ai-recommended","core","core/workflows/brainstorming/steps/step-02b-ai-recommended.md","99aa935279889f278dcb2a61ba191600a18e9db356dd8ce62f0048d3c37c9531"
"md","step-02c-random-selection","core","core/workflows/brainstorming/steps/step-02c-random-selection.md","f188c260c321c7f026051fefcd267a26ee18ce2a07f64bab7f453c0c3e483316"
"md","step-02d-progressive-flow","core","core/workflows/brainstorming/steps/step-02d-progressive-flow.md","a28c7a3edf34ceb0eea203bf7dc80f39ca04974f6d1ec243f0a088281b2e55de"
"md","step-03-graceful-exit","core","core/workflows/party-mode/steps/step-03-graceful-exit.md","bdecc33004d73238ca05d8fc9d6b86cba89833630956f53ecd82ec3715c5f0da"
"md","step-03-technique-execution","core","core/workflows/brainstorming/steps/step-03-technique-execution.md","9e6abceec5f774c57cd5205e30a1f24a95441131dbffcae9c3dce72111f95ceb"
"md","step-04-idea-organization","core","core/workflows/brainstorming/steps/step-04-idea-organization.md","5224490c33bf4b23b2897f3bcf12abe0b1ced306541dd60c21df0ce9fc65d1ac"
"md","template","core","core/workflows/brainstorming/template.md","5c99d76963eb5fc21db96c5a68f39711dca7c6ed30e4f7d22aedee9e8bb964f9"
"md","workflow","core","core/workflows/brainstorming/workflow.md","7d7f957ccd176faed2551e3089abfa49032963e980b5643d9384690af3d61203"
"md","workflow","core","core/workflows/party-mode/workflow.md","f8537e152df8db331d86e2a37e5ced55bccff3a71e290f82eb754d28c0c9ec08"
"xml","editorial-review-prose","core","core/tasks/editorial-review-prose.xml","49f462ddc5f20a6e2abf14e4b8f3a25c70885c6a6d776ef4674739dd7880988a"
"xml","editorial-review-structure","core","core/tasks/editorial-review-structure.xml","307edce94877dacdaafb10f7ea39115944c7d19e57228a7859abf2fee8b1a177"
"xml","index-docs","core","core/tasks/index-docs.xml","90076db678b1d65b4dd8b166731584fafc68e660e5015f309a1c78aae6e25a28"
"xml","review-adversarial-general","core","core/tasks/review-adversarial-general.xml","347436fde09411caaab10ff97e4cbd2bfef31dbe9f8db9e0eb49c3ed361ede7b"
"xml","shard-doc","core","core/tasks/shard-doc.xml","947f2c7d4f6bb269ad0bcc1a03227d0d6da642d9df47894b8ba215c5149aed3d"
"xml","workflow","core","core/tasks/workflow.xml","17bca7fa63bae20aaac4768d81463a7a2de7f80b60d4d9a8f36b70821ba86cfd"
"xml","workflow","core","core/workflows/advanced-elicitation/workflow.xml","ead4dc1e50c95d8966b3676842a57fca97c70d83f1f3b9e9c2d746821e6868b4"
"yaml","config","core","core/config.yaml","c99d75dbc5ea992331f3b026092195ac16c0796832776ab9f64b77452face3a7"
